trial,rat_p,rat_d,rat_i,ang_p,mot_spin,score,near5_pct,near10_pct,streak_secs,time_to_crash,max_q,max_p,motor_ok,early_min_motor,reason
0,0.065,0.005,0.001,3.82,,1.0,0.0,,,,0.0,,,,too_short
1,0.05,0.015,0.001,3.0,,0.0,0.0,,,0.0,0.0,,,,never_armed
2,0.015355286838886862,0.03335042352388027,0.007259248719561361,3.595304694689628,,0.0,0.0,,,0.0,0.0,,,,never_armed
3,0.00797854234707418,0.0012389490049257866,0.01044004075054466,3.6039025411012306,,0.0,0.0,,,0.0,0.0,,,,never_armed
